{
  "$schema": "http://schema.management.azure.com/schemas/2015-01-01/deploymentTemplate.json",
  "contentVersion": "1.0.0.0",
  "parameters": {
    "name": {
      "type": "string",
      "defaultValue": "OMSLA",
      "metadata": {
        "description": "Assign a name for the Log Analytic Workspace Name"
      }
    },
    "region": {
      "type": "string",
      "defaultValue": "westeurope",
      "metadata": {
        "description": "Specify the region for your Workspace"
      }
    },
    "plan" : {
        "type": "string",
        "defaultValue": "Free",
        "allowedValues": [
            "Free",
            "Basic",
            "Premium",
            "Standalone",
            "PerNode",
            "PerGB2018"
        ],
        "metadata": {
            "description" : "the sku for the OMS workspace"
        }
    }
  },
  "variables": {
    "region" : "West Europe",
    "securitySolution": "[concat('Security(', parameters('name'),')')]",
    "securitySolutionName": "Security",
    "agentSolution": "[concat('AgentHealthAssessment(', parameters('name'),')')]",
    "agentSolutionName": "AgentHealthAssessment",
    "changeTrackingSolution": "[concat('ChangeTracking(', parameters('name'),')')]",
    "changeTrackingSolutionName": "ChangeTracking",
    "updatesSolution": "[concat('Updates(', parameters('name'),')')]",
    "updatesSolutionName": "Updates",
    "office365Solution": "[concat('Office365(', parameters('name'),')')]",
    "office365SolutionName": "Office365",
    "antimalwareSolution": "[concat('AntiMalware(', parameters('name'),')')]",
    "antimalwareSolutionName": "AntiMalware"
  },
  "resources": [
    {
      "apiVersion": "2015-11-01-preview",
      "location": "[variables('region')]",
      "name": "[parameters('name')]",
      "type": "Microsoft.OperationalInsights/workspaces",
      "comments": "Log Analytics workspace",
      "properties": {
        
        "sku": {
          "name": "[parameters('plan')]"
        }
      },
      "resources": [
        {
          "name": "[concat(parameters('name'), '/', 'SoftwareUpdateFailed1')]",
          "type": "Microsoft.OperationalInsights/workspaces/savedSearches",
          "apiVersion": "2015-11-01-preview",
          "dependsOn": [
            "[concat('Microsoft.OperationalInsights/workspaces/', parameters('name'))]"
          ],
          "tags": {
          },
          "properties": {
            "ETag": "*",
            "query": "Type=Event EventID=20 Source=\"Microsoft-Windows-WindowsUpdateClient\" EventLog=\"System\" TimeGenerated>NOW-24HOURS | Measure Count() By Computer",
            "displayName": "A Software Update Installation Failed",
            "category": "Software Updates"
          }
        },
        {
          "name": "[concat(parameters('name'), '/', 'SoftwareUpdateFailed2')]",
          "type": "Microsoft.OperationalInsights/workspaces/savedSearches",
          "apiVersion": "2015-11-01-preview",
          "dependsOn": [
            "[concat('Microsoft.OperationalInsights/workspaces/', parameters('name'))]"
          ],
          "tags": {
          },
          "properties": {
            "ETag": "*",
            "query": "Type=Event EventID=20 Source=\"Microsoft-Windows-WindowsUpdateClient\" EventLog=\"System\" TimeGenerated>NOW-168HOURS",
            "displayName": "A Software Update Installation Failed",
            "category": "Software Updates"
          }
        },
        {
          "name": "[concat(parameters('name'), '/', 'Network1')]",
          "type": "Microsoft.OperationalInsights/workspaces/savedSearches",
          "apiVersion": "2015-11-01-preview",
          "dependsOn": [
            "[concat('Microsoft.OperationalInsights/workspaces/', parameters('name'))]"
          ],
          "tags": {
          },
          "properties": {
            "ETag": "*",
            "query": "Type=Event EventID=4202 Source=\"TCPIP\" EventLog=\"System\" TimeGenerated>NOW-24HOURS | Measure Count() By Computer",
            "displayName": "A Network adatper was disconnected from the network",
            "category": "Networking"
          }
        },
        {
          "name": "[concat(parameters('name'), '/', 'Network2')]",
          "type": "Microsoft.OperationalInsights/workspaces/savedSearches",
          "apiVersion": "2015-11-01-preview",
          "dependsOn": [
            "[concat('Microsoft.OperationalInsights/workspaces/', parameters('name'))]"
          ],
          "tags": {
          },
          "properties": {
            "ETag": "*",
            "query": "Type=Event EventID=4198 OR EventID=4199 Source=\"TCPIP\" EventLog=\"System\" TimeGenerated>NOW-24HOURS",
            "displayName": "Duplicate IP address has been detected",
            "category": "Networking"
          }
        },
        {
          "name": "[concat(parameters('name'), '/', 'NTFS1')]",
          "type": "Microsoft.OperationalInsights/workspaces/savedSearches",
          "apiVersion": "2015-11-01-preview",
          "dependsOn": [
            "[concat('Microsoft.OperationalInsights/workspaces/', parameters('name'))]"
          ],
          "tags": {
          },
          "properties": {
            "ETag": "*",
            "query": "Type=Event EventID=98 Source=\"Microsoft-Windows-Ntfs\" EventLog=\"System\" TimeGenerated>NOW-24HOURS | Measure Count() By Computer",
            "displayName": "NTFS File System Corruption",
            "category": "NTFS"
          }
        },
        {
          "name": "[concat(parameters('name'), '/', 'NTFS2')]",
          "type": "Microsoft.OperationalInsights/workspaces/savedSearches",
          "apiVersion": "2015-11-01-preview",
          "dependsOn": [
            "[concat('Microsoft.OperationalInsights/workspaces/', parameters('name'))]"
          ],
          "tags": {
          },
          "properties": {
            "ETag": "*",
            "query": "Type=Event EventID=40 OR EventID=36� Source=\"DISK\" EventLog=\"System\" TimeGenerated>NOW-24HOURS | Measure Count() By Compute",
            "displayName": "NTFS Quouta treshold limit reached",
            "category": "NTFS"
          }
        },
        {
          "apiVersion": "2015-11-01-preview",
          "type": "datasources",
          "name": "LogicalDisk1",
          "dependsOn": [
            "[concat('Microsoft.OperationalInsights/workspaces/', parameters('name'))]"
          ],
          "kind": "WindowsPerformanceCounter",
          "properties": {
            "objectName": "LogicalDisk",
            "instanceName": "*",
            "intervalSeconds": 10,
            "counterName": "Avg Disk sec/Read"
          }
        },
        {
          "apiVersion": "2015-11-01-preview",
          "type": "datasources",
          "name": "LogicalDisk2",
          "dependsOn": [
            "[concat('Microsoft.OperationalInsights/workspaces/', parameters('name'))]"
          ],
          "kind": "WindowsPerformanceCounter",
          "properties": {
            "objectName": "LogicalDisk",
            "instanceName": "*",
            "intervalSeconds": 10,
            "counterName": "Avg Disk sec/Write"
          }
        },
        {
          "apiVersion": "2015-11-01-preview",
          "type": "datasources",
          "name": "LogicalDisk3",
          "dependsOn": [
            "[concat('Microsoft.OperationalInsights/workspaces/', parameters('name'))]"
          ],
          "kind": "WindowsPerformanceCounter",
          "properties": {
            "objectName": "LogicalDisk",
            "instanceName": "*",
            "intervalSeconds": 10,
            "counterName": "Current Disk Queue Lenght"
          }
        },
        {
          "apiVersion": "2015-11-01-preview",
          "type": "datasources",
          "name": "LogicalDisk4",
          "dependsOn": [
            "[concat('Microsoft.OperationalInsights/workspaces/', parameters('name'))]"
          ],
          "kind": "WindowsPerformanceCounter",
          "properties": {
            "objectName": "LogicalDisk",
            "instanceName": "*",
            "intervalSeconds": 10,
            "counterName": "Disk Reads/sec"
          }
        },
        {
          "apiVersion": "2015-11-01-preview",
          "type": "datasources",
          "name": "LogicalDisk5",
          "dependsOn": [
            "[concat('Microsoft.OperationalInsights/workspaces/', parameters('name'))]"
          ],
          "kind": "WindowsPerformanceCounter",
          "properties": {
            "objectName": "LogicalDisk",
            "instanceName": "*",
            "intervalSeconds": 10,
            "counterName": "Disk Transfers/sec"
          }
        },
        {
          "apiVersion": "2015-11-01-preview",
          "type": "datasources",
          "name": "LogicalDisk6",
          "dependsOn": [
            "[concat('Microsoft.OperationalInsights/workspaces/', parameters('name'))]"
          ],
          "kind": "WindowsPerformanceCounter",
          "properties": {
            "objectName": "LogicalDisk",
            "instanceName": "*",
            "intervalSeconds": 10,
            "counterName": "Disk Writes/sec"
          }
        },
        {
          "apiVersion": "2015-11-01-preview",
          "type": "datasources",
          "name": "LogicalDisk7",
          "dependsOn": [
            "[concat('Microsoft.OperationalInsights/workspaces/', parameters('name'))]"
          ],
          "kind": "WindowsPerformanceCounter",
          "properties": {
            "objectName": "LogicalDisk",
            "instanceName": "*",
            "intervalSeconds": 10,
            "counterName": "Free Megabytes"
          }
        },
        {
          "apiVersion": "2015-11-01-preview",
          "type": "datasources",
          "name": "LogicalDisk8",
          "dependsOn": [
            "[concat('Microsoft.OperationalInsights/workspaces/', parameters('name'))]"
          ],
          "kind": "WindowsPerformanceCounter",
          "properties": {
            "objectName": "LogicalDisk",
            "instanceName": "*",
            "intervalSeconds": 10,
            "counterName": "% Free Space"
          }
        },
        {
          "apiVersion": "2015-11-01-preview",
          "type": "datasources",
          "name": "Memory1",
          "dependsOn": [
            "[concat('Microsoft.OperationalInsights/workspaces/', parameters('name'))]"
          ],
          "kind": "WindowsPerformanceCounter",
          "properties": {
            "objectName": "Memory",
            "instanceName": "*",
            "intervalSeconds": 10,
            "counterName": "Available MBytes"
          }
        },
        {
          "apiVersion": "2015-11-01-preview",
          "type": "datasources",
          "name": "Memory2",
          "dependsOn": [
            "[concat('Microsoft.OperationalInsights/workspaces/', parameters('name'))]"
          ],
          "kind": "WindowsPerformanceCounter",
          "properties": {
            "objectName": "Memory",
            "instanceName": "*",
            "intervalSeconds": 10,
            "counterName": "% Committed Bytes In Use"
          }
        },
        {
          "apiVersion": "2015-11-01-preview",
          "type": "datasources",
          "name": "Network1",
          "dependsOn": [
            "[concat('Microsoft.OperationalInsights/workspaces/', parameters('name'))]"
          ],
          "kind": "WindowsPerformanceCounter",
          "properties": {
            "objectName": "Network Adapter",
            "instanceName": "*",
            "intervalSeconds": 10,
            "counterName": "Bytes Received/sec"
          }
        },
        {
          "apiVersion": "2015-11-01-preview",
          "type": "datasources",
          "name": "Network2",
          "dependsOn": [
            "[concat('Microsoft.OperationalInsights/workspaces/', parameters('name'))]"
          ],
          "kind": "WindowsPerformanceCounter",
          "properties": {
            "objectName": "Network Adapter",
            "instanceName": "*",
            "intervalSeconds": 10,
            "counterName": "Bytes Sent/sec"
          }
        },
        {
          "apiVersion": "2015-11-01-preview",
          "type": "datasources",
          "name": "Network3",
          "dependsOn": [
            "[concat('Microsoft.OperationalInsights/workspaces/', parameters('name'))]"
          ],
          "kind": "WindowsPerformanceCounter",
          "properties": {
            "objectName": "Network Adapter",
            "instanceName": "*",
            "intervalSeconds": 10,
            "counterName": "Bytes Total/sec"
          }
        },
        {
          "apiVersion": "2015-11-01-preview",
          "type": "datasources",
          "name": "CPU1",
          "dependsOn": [
            "[concat('Microsoft.OperationalInsights/workspaces/', parameters('name'))]"
          ],
          "kind": "WindowsPerformanceCounter",
          "properties": {
            "objectName": "Processor",
            "instanceName": "_Total",
            "intervalSeconds": 10,
            "counterName": "% Processor Time"
          }
        },
        {
          "apiVersion": "2015-11-01-preview",
          "type": "datasources",
          "name": "CPU2",
          "dependsOn": [
            "[concat('Microsoft.OperationalInsights/workspaces/', parameters('name'))]"
          ],
          "kind": "WindowsPerformanceCounter",
          "properties": {
            "objectName": "System",
            "instanceName": "*",
            "intervalSeconds": 10,
            "counterName": "Processor Queue Lenght"
          }
        },
        {
          "apiVersion": "2015-11-01-preview",
          "type": "datasources",
          "name": "System",
          "dependsOn": [
            "[concat('Microsoft.OperationalInsights/workspaces/', parameters('name'))]"
          ],
          "kind": "WindowsEvent",
          "properties": {
            "eventLogName": "System",
            "eventTypes": [
              {
                "eventType": "Error"
              },
              {
                "eventType": "Warning"
              }
            ]
          }
        },
        {
          "apiVersion": "2015-11-01-preview",
          "type": "datasources",
          "name": "Application",
          "dependsOn": [
            "[concat('Microsoft.OperationalInsights/workspaces/', parameters('name'))]"
          ],
          "kind": "WindowsEvent",
          "properties": {
            "eventLogName": "Application",
            "eventTypes": [
              {
                "eventType": "Error"
              },
              {
                "eventType": "Warning"
              }
            ]
          }
        },
        {
          "apiVersion": "2015-11-01-preview",
          "type": "datasources",
          "name": "IISLog",
          "dependsOn": [
            "[concat('Microsoft.OperationalInsights/workspaces/', parameters('name'))]"
          ],
          "kind": "IISLogs",
          "properties": {
            "state": "OnPremiseEnabled"
          }
        },
        {
          "apiVersion": "2015-11-01-preview",
          "type": "datasources",
          "name": "Syslog",
          "dependsOn": [
            "[concat('Microsoft.OperationalInsights/workspaces/', parameters('name'))]"
          ],
          "kind": "LinuxSyslog",
          "properties": {
            "syslogName": "kern",
            "syslogSeverities": [
              {
                "severity": "emerg"
              },
              {
                "severity": "alert"
              },
              {
                "severity": "crit"
              },
              {
                "severity": "err"
              },
              {
                "severity": "warning"
              }
            ]
          }
        },
        {
          "apiVersion": "2015-11-01-preview",
          "type": "datasources",
          "name": "SyslogCollection",
          "dependsOn": [
            "[concat('Microsoft.OperationalInsights/workspaces/', parameters('name'))]"
          ],
          "kind": "LinuxSyslogCollection",
          "properties": {
            "state": "Enabled"
          }
        }
      ]
    },
    {
      "apiVersion": "2015-11-01-preview",
      "name": "[variables('securitySolution')]",
      "type": "Microsoft.OperationsManagement/solutions",
      "location": "[parameters('region')]",
      "id": "[resourceId('Microsoft.OperationsManagement/solutions', variables('securitySolution'))]",
      "dependsOn": [
        "[concat('Microsoft.OperationalInsights/workspaces/', parameters('name'))]"
      ],
      "properties": {
        "workspaceResourceId": "[resourceId('Microsoft.OperationalInsights/workspaces/', parameters('name'))]"
      },
      "plan": {
        "name": "[variables('securitySolution')]",
        "publisher": "Microsoft",
        "product": "[concat('OMSGallery/', variables('securitySolutionName'))]",
        "promotionCode": ""
      }
    },
    {
      "apiVersion": "2015-11-01-preview",
      "name": "[variables('updatesSolution')]",
      "type": "Microsoft.OperationsManagement/solutions",
      "location": "[parameters('region')]",
      "id": "[resourceId('Microsoft.OperationsManagement/solutions', variables('updatesSolution'))]",
      "dependsOn": [
        "[concat('Microsoft.OperationalInsights/workspaces/', parameters('name'))]"
      ],
      "properties": {
        "workspaceResourceId": "[resourceId('Microsoft.OperationalInsights/workspaces/', parameters('name'))]"
      },
      "plan": {
        "name": "[variables('updatesSolution')]",
        "publisher": "Microsoft",
        "product": "[concat('OMSGallery/', variables('updatesSolutionName'))]",
        "promotionCode": ""
      }
    },
    {
      "apiVersion": "2015-11-01-preview",
      "name": "[variables('changeTrackingSolution')]",
      "type": "Microsoft.OperationsManagement/solutions",
      "location": "[parameters('region')]",
      "id": "[resourceId('Microsoft.OperationsManagement/solutions', variables('changeTrackingSolution'))]",
      "dependsOn": [
        "[concat('Microsoft.OperationalInsights/workspaces/', parameters('name'))]"
      ],
      "properties": {
        "workspaceResourceId": "[resourceId('Microsoft.OperationalInsights/workspaces/', parameters('name'))]"
      },
      "plan": {
        "name": "[variables('changeTrackingSolution')]",
        "publisher": "Microsoft",
        "product": "[concat('OMSGallery/', variables('changeTrackingSolutionName'))]",
        "promotionCode": ""
      }
    },
    {
      "apiVersion": "2015-11-01-preview",
      "name": "[variables('agentSolution')]",
      "type": "Microsoft.OperationsManagement/solutions",
      "location": "[parameters('region')]",
      "id": "[resourceId('Microsoft.OperationsManagement/solutions', variables('agentSolution'))]",
      "dependsOn": [
        "[concat('Microsoft.OperationalInsights/workspaces/', parameters('name'))]"
      ],
      "properties": {
        "workspaceResourceId": "[resourceId('Microsoft.OperationalInsights/workspaces/', parameters('name'))]"
      },
      "plan": {
        "name": "[variables('agentSolution')]",
        "publisher": "Microsoft",
        "product": "[concat('OMSGallery/', variables('agentSolutionName'))]",
        "promotionCode": ""
      }
    },
    {
      "apiVersion": "2015-11-01-preview",
      "name": "[variables('office365Solution')]",
      "type": "Microsoft.OperationsManagement/solutions",
      "location": "[parameters('region')]",
      "id": "[resourceId('Microsoft.OperationsManagement/solutions', variables('office365Solution'))]",
      "dependsOn": [
        "[concat('Microsoft.OperationalInsights/workspaces/', parameters('name'))]"
      ],
      "properties": {
        "workspaceResourceId": "[resourceId('Microsoft.OperationalInsights/workspaces/', parameters('name'))]"
      },
      "plan": {
        "name": "[variables('office365Solution')]",
        "publisher": "Microsoft",
        "product": "[concat('OMSGallery/', variables('office365SolutionName'))]",
        "promotionCode": ""
      }
    },
    {
      "apiVersion": "2015-11-01-preview",
      "name": "[variables('antimalwareSolution')]",
      "type": "Microsoft.OperationsManagement/solutions",
      "location": "[parameters('region')]",
      "id": "[resourceId('Microsoft.OperationsManagement/solutions', variables('antimalwareSolution'))]",
      "dependsOn": [
        "[concat('Microsoft.OperationalInsights/workspaces/', parameters('name'))]"
      ],
      "properties": {
        "workspaceResourceId": "[resourceId('Microsoft.OperationalInsights/workspaces/', parameters('name'))]"
      },
      "plan": {
        "name": "[variables('antimalwareSolution')]",
        "publisher": "Microsoft",
        "product": "[concat('OMSGallery/', variables('antimalwareSolutionName'))]",
        "promotionCode": ""
      }
    }
  ],
  "outputs": { }
}