{
    "$schema": "https://schema.management.azure.com/schemas/2015-01-01/deploymentTemplate.json#",
    "contentVersion": "1.0.0.0",
    "parameters": {
        "recoveryServicesVaultName": {
            "type": "string",
            "metadata": {
                "description": "Name of the Existing Recovery Services Vault (Vault and VM to be protected must be in same GEO)"
            }
        },
        "vmName" : {
            "type": "string",
            "metadata": {
                "description" : "the name of the virtual machine you would like to backup"
            }
        },
        "backupPolicyName": {
            "type": "string",
            "metadata": {
                "description": "Name of existing Backup Policy in same Recovery Services Vault."
            }
        },
        "type" : {
            "type": "string",
            "allowedValues": [
                "ARM",
                "Classic"
            ],
            "defaultValue": "ARM",
            "metadata": {
                "description" : "the type of the VM protected item, should be ARM or Classic"
            }
        },
        "region" : {
            "type": "string",
            "defaultValue": "westeurope",
            "metadata": {
                "description" : "the region to deploy the Recovery Services Vault to."
            }
        }
    },
    "variables": {
        "backupFabric": "Azure",
        "protectedItem" : "[variables(concat('protectedItem', parameters('type')))]",
        "protectedItemClassic" : {
            "protectedItemType": "Microsoft.ClassicCompute/virtualMachines",
            "resourceid" : "[concat('/subscriptions/', subscription().subscriptionId ,'/resourceGroups/', resourceGroup().Name,'/providers/Microsoft.ClassicCompute/virtualMachines/', parameters('vmName'))]",
            "protectionContainers" : "[concat('iaasvmcontainer;iaasvmcontainer;', parameters('vmName') ,';', parameters('vmName') )]",
            "protectedItem" : "[concat('vm;iaasvmcontainer;', parameters('vmName') ,';', parameters('vmName') )]"
            
        },
        "protectedItemARM" : {
            "protectedItemType": "Microsoft.Compute/virtualMachines",
            "resourceid" : "[concat('/subscriptions/',subscription().subscriptionId , '/resourceGroups/' , resourceGroup().Name ,'/providers/Microsoft.Compute/virtualMachines/', parameters('vmName'))]",
            "protectionContainers" : "[concat('iaasvmcontainer;iaasvmcontainerv2;', resourceGroup().Name ,';', parameters('vmName') )]",
            "protectedItem" : "[concat('vm;iaasvmcontainerv2;', resourcegroup().Name ,';', parameters('vmName') )]"
        }

        
        
    },
    "resources": [
        {
            "name": "[concat(parameters('recoveryServicesVaultName'), '/', variables('backupFabric'), '/', variables('protectedItem').protectionContainers, '/', variables('protectedItem').protectedItem)]",
            "apiVersion": "2016-06-01",
            "location": "[parameters('region')]",
            "type": "Microsoft.RecoveryServices/vaults/backupFabrics/protectionContainers/protectedItems",
            "properties": {
                "protectedItemType": "Microsoft.Compute/virtualMachines",
                "policyId": "[concat('/subscriptions/',subscription().subscriptionId,'/resourceGroups/',resourceGroup().name,'/providers/Microsoft.RecoveryServices/vaults/',parameters('recoveryServicesVaultName'),'/backupPolicies/',parameters('backupPolicyName'))]",
                "sourceResourceId":"[variables('protectedItem').resourceid]"
               
            }
        }
    ]
}