{
    "$schema": "https://schema.management.azure.com/schemas/2015-01-01/deploymentTemplate.json#",
    "contentVersion": "1.0.0.0",
    "parameters": {
        "vaultName": {
            "type": "string",
            "metadata": {
                "description": "Name of the Vault"
            }
        },
        "location": {
            "type": "string",
            "defaultValue": "westeurope",
            "metadata": {
                "description": "This is the location where the recovery services vault will be created"
            }
        }
    },
    "variables": {
    },
    "resources":[]
    
}