{
  "$schema": "http://schema.management.azure.com/schemas/2015-01-01/deploymentTemplate.json#",
  "contentVersion": "1.0.0.0",
  "parameters": {
    "sql" : {
      "type": "object",
      "metadata": {
        "description" : "The SQL object"
      }
    },
    "administratorLoginPassword": {
      "type": "securestring",
      "metadata": {
        "description": "The password of the admin user of the SQL Server"
      }
    }
  },
  "variables": {
    "sqlserverName": "[concat('sqlserver', uniqueString(resourceGroup().id))]"
  },
  "resources": [
    {
      "name": "[variables('sqlserverName')]",
      "type": "Microsoft.Sql/servers",
      "location": "[resourceGroup().location]",
      "tags": {
        "displayName": "SqlServer"
      },
      "apiVersion": "2014-04-01-preview",
      "properties": {
        "administratorLogin": "[parameters('sql').administratorLogin]",
        "administratorLoginPassword": "[parameters('administratorLoginPassword')]",
        "version": "12.0"
      },
      "resources": [
        {
          "name": "[parameters('sql').databaseName]",
          "type": "databases",
          "location": "[resourceGroup().location]",
          "tags": {
            "displayName": "[concat('database ', parameters('sql').databaseName)]"
          },
          "apiVersion": "2014-04-01-preview",
          "dependsOn": [
            "[variables('sqlserverName')]"
          ],
          "properties": {
            "edition": "[parameters('sql').edition]",
            "collation": "[parameters('sql').collation]",
            "maxSizeBytes": "[parameters('sql').maxSizeBytes]",
            "requestedServiceObjectiveName": "[parameters('sql').requestedServiceObjectiveName]"
          }
        },
        {
          "type": "firewallrules",
          "apiVersion": "2014-04-01-preview",
          "dependsOn": [
            "[variables('sqlserverName')]"
          ],
          "location": "[resourceGroup().location]",
          "name": "AllowAllWindowsAzureIps",
          "properties": {
            "endIpAddress": "0.0.0.0",
            "startIpAddress": "0.0.0.0"
          }
        }
      ]
    }
  ]
}
