{
  "$schema": "http://schema.management.azure.com/schemas/2015-01-01/deploymentParameters.json#",
  "contentVersion": "1.0.0.0",
  "parameters": {     
      "virtualNetworkSettings": {
          "value": {
            "name" : "sbs-vnet-default",
            "addressPrefix" : "10.3.0.0/16",
            "managementSubnetName" : "sn-management",
            "managementSubnetAddressPrefix" : "10.3.1.0/24",
            "managementNetworkSecurityGroupName" : "nsg-management",
            "gatewaySubnetAddressPrefix" : "10.3.9.0/24"
          }
      },
      "vpnGatewaySettings" : {
        "value" : {
            "vpnType" : "RouteBased",
            "gatewayPublicIpName" : "sbs-pip-gw-01",
            "gatewayName" : "sbs-gw-local-01",
            "gatewaySku":"Basic"
        }
      }
    }
}