{
    "$schema": "https://schema.management.azure.com/schemas/2015-01-01/deploymentTemplate.json#",
    "contentVersion": "1.0.0.0",
    "parameters": {
        "virtualNetwork" : {
            "type": "object",
            "metadata": {
                "description" : "The virtual network object"
            }
        }
    },
    "variables": {
        "apiVersion" : {
            "network" : {
                "virtualNetwork" : "2016-03-30",
                "networkSecurityGroups" : "2016-03-30"
            }
        },
        "resourceLocation" : "[resourceGroup().location]"
     
    },
    "resources": [
    	{
        
            "type": "Microsoft.Network/virtualNetworks",
            "name": "[parameters('virtualNetwork').networkName]",
            "apiVersion": "[variables('apiVersion').network.virtualNetwork]",
            "location": "[variables('resourceLocation')]",
            "properties": {
                "dhcpOptions": {
                    "dnsServers":"[parameters('virtualNetwork').dnsServer]"
                }
            }
        }
    ]
}